DARE,3,6
BBS,3,-3
,,
,,
GOON,-1,0
HGW,1,1
,,
,,
DARE,-4,3
HGW,7,4
,,
,,
HGW,-3,2
BBS,5,3
,,
,,
BBS,-3,3
GOON,6,3
,,
,,
Pog,-2,1
PCB,3,2
,,
,,
FEAR,2,4
TCF,2,-2
,,
,,
PCB,-1,1
BBS,2,1
,,
,,
GOON,1,2
FEAR,1,-1
,,
,,
DARE,-4,0
GOON,4,4
,,
,,
HGW,-1,2
GOON,3,1
,,
,,
CBX,3,3
DOXX,0,-3
,,
,,
TCF,-2,3
BBS,5,2
,,
,,
RTJ,-1,1
DARE,2,1
,,
,,
A02,1,1
XeNo,0,-1
,,
,,
CBX,-4,3
BBS,7,4
,,
,,
DARE,6,7
A02,1,-6
,,
,,
DOXX,-4,3
TCF,7,4
,,
,,
TWRK,-4,1
TPR,5,4
,,
,,
TCF,1,2
VOID,1,-1
,,
,,
TPR,2,4
A02,2,-2
,,
,,
BBS,3,5
LBT,2,-3
,,
,,
DARE,2,7
SARS,5,-2
,,
,,
TCF,1,5
TPR,4,-1
,,
,,
Pog,6,6
RTJ,0,-6
,,
,,
TCF,4,5
LBT,1,-4
,,
,,
Pog,1,2
SARS,1,-1
,,
,,
WAMO,1,2
uwu3,1,-1
,,
,,
FEAR,2,3
LAST,1,-2
,,
,,
420,1,4
WCYD,3,-1
,,
,,
MUPE,-7,1
HGW,8,7
,,
,,
WAMO,-5,4
FEAR,9,5
,,
,,
420,-8,0
HGW,8,8
,,
,,
uwu3,-1,0
LAST,1,1
,,
,,
A01,-5,1
RHO,6,5
,,
,,
LAST,3,6
NIP,3,-3
,,
,,
RHO,8,9
420,1,-8
,,
,,
FEAR,-6,1
GOON,7,6
,,
,,
HGW,4,6
PCB,2,-4
,,
,,
LAST,-2,2
RHO,4,2
,,
,,
PRE,1,1
WCYD,0,-1
,,
,,
RHO,-1,1
FEAR,2,1
,,
,,
PRE,-4,0
PCB,4,4
,,
,,
DUMB,12,14
A01,2,-12
,,
,,
RHO,-5,2
GOON,7,5
,,
,,
PCB,2,5
PIRO,3,-2
,,
,,
NIP,1,2
PRE,1,-1
,,
,,
DUMB,-5,2
GOON,7,5
,,
,,
PCB,2,3
NIP,1,-2
,,
,,
PIRO,-8,0
PRE,8,8
,,
,,
WCYD,1,2
MUPE,1,-1
,,
,,
PRE,7,9
WAMO,2,-7
,,
,,
WCYD,4,6
DUMB,2,-4
,,
,,
QUAK,2,4
TWRK,2,-2
,,
,,
LBT,3,5
TPR,2,-3
,,
,,
Pog,-4,2
VOID,6,4
,,
,,
SARS,4,7
JIBC,3,-4
,,
,,
QUAK,-2,2
LBT,4,2
,,
,,
VOID,-1,2
SARS,3,1
,,
,,
Pog,2,4
JIBC,2,-2
,,
,,
RTJ,1,1
XeNo,0,-1
,,
,,
Pog,5,6
CBX,1,-5
,,
,,
RTJ,2,7
QUAK,5,-2
